,AFD,CDUCSU,FDP,GRUENE,LINKE,SPD,AFD - norm,CDUCSU - norm,FDP - norm,GRUENE - norm,LINKE - norm,SPD - norm
2021-01-01,,,,,,,,,,,,
2021-01-02,,,,,,,,,,,,
2021-01-03,,,,,,,,,,,,
2021-01-04,,,,,,,,,,,,
2021-01-05,,,,,,,,,,,,
2021-01-06,,,,,,,,,,,,
2021-01-07,,,,,,,,,,,,
2021-01-08,,,,,,,,,,,,
2021-01-09,,,,,,,,,,,,
2021-01-10,,,,,,,,,,,,
2021-01-11,,,,,,,,,,,,
2021-01-12,,,,,,,,,,,,
2021-01-13,,,,,,,,,,,,
2021-01-14,1.3571428571428572,0.9285714285714286,2.642857142857143,0.14285714285714285,0.14285714285714285,0.21428571428571427,0.01569925908161082,0.007042775663544739,0.011754325454834649,0.0008495809037900875,0.0008257638315441783,0.0017397542821271635
2021-01-15,1.2857142857142858,1.0714285714285714,2.7142857142857144,0.14285714285714285,0.42857142857142855,0.21428571428571427,0.014376507758859496,0.007528684312718694,0.012221178862864527,0.0008495809037900875,0.0025894322618792752,0.0017397542821271635
2021-01-16,1.5714285714285714,1.1428571428571428,2.7142857142857144,0.14285714285714285,0.42857142857142855,0.21428571428571427,0.016608650616002352,0.006894053359194263,0.012039728656988333,0.0008495809037900875,0.0025894322618792752,0.0017397542821271635
2021-01-17,1.4285714285714286,1.0714285714285714,2.7857142857142856,0.14285714285714285,0.5,0.21428571428571427,0.01492797834709479,0.006484007918092921,0.012557327000673633,0.0008495809037900875,0.003282913537884823,0.0017397542821271635
2021-01-18,1.3571428571428572,1.0714285714285714,2.5714285714285716,0.14285714285714285,0.35714285714285715,0.2857142857142857,0.01435388732454716,0.006484007918092921,0.011279770915745337,0.0008495809037900875,0.002457149706340645,0.0024332355581327117
2021-01-19,0.9285714285714286,1.0,2.4285714285714284,0.14285714285714285,0.35714285714285715,0.21428571428571427,0.011082349701864499,0.005888769822854826,0.010762172572060037,0.0008495809037900875,0.002457149706340645,0.0018279086816193944
2021-01-20,0.9285714285714286,1.2142857142857142,1.1428571428571428,0.21428571428571427,0.35714285714285715,0.2857142857142857,0.011082349701864499,0.007576058911718718,0.008105467032701435,0.0014033442519019441,0.002457149706340645,0.00229783349364947
2021-01-21,0.8571428571428571,1.2142857142857142,1.2142857142857142,0.21428571428571427,0.35714285714285715,0.21428571428571427,0.009966278273293069,0.00801084152041437,0.008659176888736873,0.0014664265500385898,0.002457149706340645,0.0017687329645489406
2021-01-22,0.7857142857142857,1.2857142857142858,1.0,0.21428571428571427,0.35714285714285715,0.14285714285714285,0.00873913519504335,0.0086727812067443,0.00698506974587973,0.0014664265500385898,0.002457149706340645,0.0011634060880356231
2021-01-23,0.7142857142857143,1.2142857142857142,1.1428571428571428,0.35714285714285715,0.35714285714285715,0.21428571428571427,0.008158415102128136,0.008144983880917417,0.008572371333181318,0.0020495169290473364,0.002457149706340645,0.0020344862274084457
2021-01-24,0.7857142857142857,1.2142857142857142,1.0714285714285714,0.5,0.35714285714285715,0.35714285714285715,0.009292201950200698,0.008422576596884552,0.007580307841117827,0.0031236307851160794,0.002457149706340645,0.0038897737969817298
2021-01-25,0.6428571428571429,1.0714285714285714,0.9285714285714286,0.5714285714285714,0.35714285714285715,0.42857142857142855,0.007412502702080397,0.007241939052610643,0.0064355093941611055,0.0035935555971461546,0.002457149706340645,0.004539124446332379
2021-01-26,0.8571428571428571,1.2142857142857142,1.1428571428571428,0.5714285714285714,0.35714285714285715,0.42857142857142855,0.012282632572210267,0.00826968828179872,0.007235723378959269,0.0035935555971461546,0.002457149706340645,0.004539124446332379
2021-01-27,0.9285714285714286,1.1428571428571428,1.2857142857142858,0.6428571428571429,0.35714285714285715,0.6428571428571429,0.013493286325236902,0.007826032558639891,0.007948793632585393,0.003969495446770215,0.002457149706340645,0.005703720719624305
2021-01-28,0.7857142857142857,1.1428571428571428,1.4285714285714286,0.6428571428571429,0.35714285714285715,0.6428571428571429,0.011071978819183634,0.007826032558639891,0.008663079346871107,0.003969495446770215,0.002457149706340645,0.005703720719624305
2021-01-29,0.7857142857142857,1.0,1.5714285714285714,0.6428571428571429,0.07142857142857142,0.6428571428571429,0.011071978819183634,0.007340123909465937,0.009179187930977533,0.003969495446770215,0.0006934812760055481,0.005703720719624305
2021-01-30,0.5,0.7857142857142857,1.5,0.6428571428571429,0.07142857142857142,0.6428571428571429,0.008839835962040776,0.00674322776939431,0.008558069918555173,0.003969495446770215,0.0006934812760055481,0.005703720719624305
2021-01-31,0.6428571428571429,0.7857142857142857,1.5,0.7142857142857143,0.0,0.6428571428571429,0.011755287857084507,0.007341700854280438,0.008834122368520663,0.004649767555613753,2.4781763942525814e-19,0.005703720719624305
2021-02-01,0.6428571428571429,0.7857142857142857,1.6428571428571428,0.7142857142857143,0.0,0.5714285714285714,0.0122885780962571,0.007341700854280438,0.010095919601701935,0.004649767555613753,2.4781763942525814e-19,0.005010239443618758
2021-02-02,0.7142857142857143,0.8571428571428571,2.0,0.7142857142857143,0.0,0.5714285714285714,0.013294614313560923,0.008078077879317257,0.01241502906366854,0.004649767555613753,2.4781763942525814e-19,0.005010239443618758
2021-02-03,0.9285714285714286,0.6428571428571429,1.7857142857142858,0.7142857142857143,0.0,0.5714285714285714,0.01615175717070378,0.006390788790453365,0.011321734603027142,0.0049205304465689504,2.4781763942525814e-19,0.005102744327876647
2021-02-04,1.0714285714285714,0.7857142857142857,1.7857142857142858,0.7857142857142857,0.0,0.6428571428571429,0.018283953332750687,0.00767055069521527,0.011234878155021583,0.0054998926262234205,2.4781763942525814e-19,0.005527914395903858
2021-02-05,1.0714285714285714,0.6428571428571429,1.9285714285714286,0.7857142857142857,0.0,0.6428571428571429,0.018899584200482395,0.006509110509384839,0.012466405248617642,0.0054998926262234205,2.4781763942525814e-19,0.005527914395903858
2021-02-06,1.1428571428571428,0.5714285714285714,1.8571428571428572,0.6428571428571429,0.0,0.5714285714285714,0.020070544387836026,0.006016499671946416,0.011831484613697008,0.004916802247214675,2.4781763942525814e-19,0.004656834256531036
2021-02-07,1.0714285714285714,0.7142857142857143,1.8571428571428572,0.6428571428571429,0.0,0.42857142857142855,0.01893675753976346,0.007153156866469794,0.011831484613697008,0.005063689612147153,2.4781763942525814e-19,0.002801546686957752
2021-02-08,1.0714285714285714,0.7142857142857143,1.8571428571428572,0.5714285714285714,0.0,0.35714285714285715,0.01893675753976346,0.007153156866469794,0.011852370160898342,0.004593764800117078,2.4781763942525814e-19,0.0021521960376071026
2021-02-09,0.9285714285714286,0.5714285714285714,1.5714285714285714,0.5714285714285714,0.0,0.42857142857142855,0.015182699098205021,0.006125407637281717,0.010559545338661757,0.004593764800117078,2.4781763942525814e-19,0.002762696648107713
2021-02-10,0.9285714285714286,0.6428571428571429,1.5,0.5,0.0,0.35714285714285715,0.015319754240057092,0.006583283095157175,0.010278191111826897,0.004217824950493018,2.4781763942525814e-19,0.0023018301425849646
2021-02-11,1.0714285714285714,0.6428571428571429,1.5714285714285714,0.5,0.0,0.35714285714285715,0.01829594471624757,0.006583283095157175,0.010599102084911783,0.004217824950493018,2.4781763942525814e-19,0.0023018301425849646
2021-02-12,1.1428571428571428,0.7142857142857143,1.4285714285714286,0.5,0.0,0.42857142857142855,0.019316352879512878,0.007062669480583829,0.010196860185690692,0.004217824950493018,2.4781763942525814e-19,0.0027295461391632363
2021-02-13,1.2857142857142858,0.7142857142857143,1.4285714285714286,0.5,0.0,0.42857142857142855,0.021913755476915476,0.007062669480583829,0.010196860185690692,0.004217824950493018,2.4781763942525814e-19,0.0027295461391632363
2021-02-14,1.1428571428571428,0.6428571428571429,1.4285714285714286,0.42857142857142855,0.07142857142857142,0.5,0.018998303581871743,0.0059465980520124005,0.010077063839479252,0.00353755284164948,0.0007518796992481206,0.003489424558616124
2021-02-15,1.2142857142857142,0.6428571428571429,1.7857142857142858,0.42857142857142855,0.07142857142857142,0.5,0.020600867684435847,0.0059465980520124005,0.01287097387642142,0.00353755284164948,0.0007518796992481206,0.003489424558616124
2021-02-16,1.2857142857142858,0.7142857142857143,1.4285714285714286,0.5,0.07142857142857142,0.5,0.022996192011349715,0.006763016058031482,0.010551864414454817,0.004224366028462667,0.0007518796992481206,0.003489424558616124
2021-02-17,1.0714285714285714,0.7857142857142857,1.7142857142857142,0.42857142857142855,0.07142857142857142,0.42857142857142855,0.020139049154206858,0.007522894477484369,0.01216606941849033,0.0037035326951293337,0.0007518796992481206,0.00292699486232816
2021-02-18,0.9285714285714286,0.5714285714285714,1.7142857142857142,0.2857142857142857,0.14285714285714285,0.42857142857142855,0.01800685299215995,0.005290751620341512,0.012160045503548008,0.0025030525030525033,0.0012849287397598476,0.0032698739494468783
2021-02-19,0.8571428571428571,0.7857142857142857,1.5714285714285714,0.2857142857142857,0.14285714285714285,0.5,0.016606292768070317,0.0071541056576085935,0.010928518409951949,0.0025030525030525033,0.0012849287397598476,0.0038701140454852935
2021-02-20,0.7857142857142857,0.8571428571428571,1.6428571428571428,0.2857142857142857,0.14285714285714285,0.5,0.015435332580716688,0.007815481318984255,0.01163726702567731,0.0025030525030525033,0.0012849287397598476,0.0038701140454852935
2021-02-21,0.7857142857142857,0.8571428571428571,1.7142857142857142,0.2857142857142857,0.14285714285714285,0.5,0.015435332580716688,0.007670998747194478,0.012771053873749872,0.003003221677920473,0.0012849287397598476,0.0038701140454852935
2021-02-22,0.9285714285714286,1.0,1.8571428571428572,0.35714285714285715,0.14285714285714285,0.7857142857142857,0.018032735178119284,0.009099570175765907,0.013606475761803339,0.0036353329295007513,0.0012849287397598476,0.006785565940529025
2021-02-23,0.8571428571428571,1.0,2.0714285714285716,0.42857142857142855,0.2857142857142857,0.7857142857142857,0.016916663749547856,0.009099570175765907,0.014874438568227686,0.0045510838452516664,0.0023510268207833016,0.006724515879478964
2021-02-24,0.9285714285714286,1.0,2.142857142857143,0.42857142857142855,0.35714285714285715,0.6428571428571429,0.017836528550814273,0.009569338502677091,0.015371000829495829,0.0045510838452516664,0.0027523109299325793,0.0060207861117097874
2021-02-25,0.8571428571428571,1.0714285714285714,2.0714285714285716,0.42857142857142855,0.35714285714285715,0.6428571428571429,0.01628890950319523,0.010212839146177734,0.01561131434620686,0.0045510838452516664,0.0027523109299325793,0.0060207861117097874
2021-02-26,0.8571428571428571,1.0714285714285714,2.142857142857143,0.42857142857142855,0.35714285714285715,0.5714285714285714,0.01643946152728355,0.010401009503074179,0.016283727085371846,0.0045510838452516664,0.0027523109299325793,0.005593070115131515
2021-02-27,0.7857142857142857,1.0714285714285714,2.2857142857142856,0.42857142857142855,0.35714285714285715,0.5714285714285714,0.016146206395318743,0.010401009503074179,0.01858787455080963,0.0045510838452516664,0.0027523109299325793,0.005593070115131515
2021-02-28,0.8571428571428571,1.0714285714285714,2.2857142857142856,0.5,0.2857142857142857,0.5714285714285714,0.018893459142571487,0.010401009503074179,0.018964440271437507,0.005265369559537381,0.002000431230684459,0.005635759913977183
2021-03-01,0.7857142857142857,1.0714285714285714,1.7857142857142858,0.5,0.2857142857142857,0.6428571428571429,0.017069342399099904,0.010401009503074179,0.015020670072327963,0.005265369559537381,0.002000431230684459,0.006193795628262897
2021-03-02,0.6428571428571429,1.1428571428571428,2.142857142857143,0.42857142857142855,0.42857142857142855,0.6428571428571429,0.013667981854882218,0.010367971310924052,0.017061486398858575,0.0045785563727241945,0.00297224852903237,0.006193795628262897
2021-03-03,0.6428571428571429,1.2142857142857142,2.2857142857142856,0.42857142857142855,0.5,0.7142857142857143,0.013667981854882218,0.010698605432365385,0.01736912636599539,0.004351506790004509,0.0033075939348003107,0.0066487546819480655
2021-03-04,0.7142857142857143,1.2857142857142858,2.2857142857142856,0.6428571428571429,0.42857142857142855,0.6428571428571429,0.015547681103002519,0.0114128911466511,0.01733095114171595,0.005674258112755831,0.0027745448942885836,0.005880705526802136
2021-03-05,0.9285714285714286,1.1428571428571428,2.5,0.7142857142857143,0.5714285714285714,0.5714285714285714,0.017304121384032964,0.009944170100702093,0.018895080443071526,0.006033195657623024,0.003600308725832762,0.0052804654307637205
2021-03-06,1.0,1.0714285714285714,2.357142857142857,0.7142857142857143,0.5714285714285714,0.5714285714285714,0.018927498007409588,0.009282794439326432,0.017233950874965213,0.006033195657623024,0.003600308725832762,0.0052804654307637205
2021-03-07,1.0,0.9285714285714286,2.357142857142857,0.5714285714285714,0.5714285714285714,0.5714285714285714,0.018927498007409588,0.007996961295086208,0.017106200244196474,0.004312025261753833,0.003600308725832762,0.0052804654307637205
2021-03-08,0.9285714285714286,0.7857142857142857,2.357142857142857,0.5,0.5714285714285714,0.42857142857142855,0.01803077568211583,0.006568389866514778,0.0185316388406877,0.0036799140101735545,0.003600308725832762,0.0037794406927214035
2021-03-09,0.9285714285714286,0.7857142857142857,2.142857142857143,0.42857142857142855,0.42857142857142855,0.35714285714285715,0.01803077568211583,0.006568389866514778,0.017263676034263355,0.0027641630944226386,0.002534210644809308,0.0032299901432708542
2021-03-10,0.8571428571428571,0.7857142857142857,1.9285714285714286,0.5,0.35714285714285715,0.5,0.017191773414542137,0.006341026193772954,0.016003171832582683,0.0033052886355481796,0.00213292653566003,0.00427274301084124
2021-03-11,0.8571428571428571,0.7142857142857143,1.9285714285714286,0.5,0.42857142857142855,0.5714285714285714,0.0166237871839053,0.00569752555027231,0.01588910181433148,0.0033052886355481796,0.0025482089276866082,0.004779328623809831
2021-03-12,0.8571428571428571,0.6428571428571429,1.7857142857142858,0.5,0.42857142857142855,0.5714285714285714,0.01670595982863187,0.005029968807949212,0.01463596898225128,0.0033052886355481796,0.0025482089276866082,0.004779328623809831
2021-03-13,0.9285714285714286,0.6428571428571429,1.7857142857142858,0.5,0.42857142857142855,0.6428571428571429,0.016823119869247352,0.005029968807949212,0.014288768679240105,0.0033052886355481796,0.0025482089276866082,0.00545960073265337
2021-03-14,1.0,0.6428571428571429,1.9285714285714286,0.42857142857142855,0.42857142857142855,0.5714285714285714,0.016059994106121588,0.005029968807949212,0.01500930482758374,0.002591002921262465,0.0025482089276866082,0.004657032514354814
2021-03-15,0.9285714285714286,0.6428571428571429,2.0,0.5,0.42857142857142855,0.5714285714285714,0.014907920373402692,0.005029968807949212,0.01554380434167509,0.00306092773329254,0.0025482089276866082,0.004568921612099174
2021-03-16,0.9285714285714286,0.42857142857142855,1.6428571428571428,0.5,0.2857142857142857,0.5714285714285714,0.014907920373402692,0.003510211969043437,0.013502988015144478,0.00306092773329254,0.0015763916293386976,0.004568921612099174
2021-03-17,0.9285714285714286,0.2857142857142857,1.5,0.42857142857142855,0.21428571428571427,0.5714285714285714,0.014907920373402692,0.002419699428149217,0.014409997357974982,0.0026927392207741307,0.0012410462235707567,0.004596588041039489
2021-03-18,0.8571428571428571,0.2857142857142857,1.4285714285714286,0.2857142857142857,0.21428571428571427,0.8571428571428571,0.013028221125282392,0.0025359784979166584,0.013987343089166868,0.0017289254428900012,0.0012410462235707567,0.006428089872541321
2021-03-19,0.7142857142857143,0.2857142857142857,1.2142857142857142,0.35714285714285715,0.07142857142857142,0.8571428571428571,0.012199424629038589,0.0026743945471103116,0.012423213787811289,0.002080719952038444,0.00041528239202657846,0.006428089872541321
2021-03-20,0.7142857142857143,0.2857142857142857,1.2142857142857142,0.5,0.07142857142857142,0.8571428571428571,0.01261686433219258,0.0026743945471103116,0.012423213787811289,0.0032812001441152754,0.00041528239202657846,0.006428089872541321
2021-03-21,0.7142857142857143,0.21428571428571427,1.2857142857142858,0.5,0.21428571428571427,1.0714285714285714,0.01261686433219258,0.002063893936609701,0.012889931620581104,0.0032812001441152754,0.001605758582502769,0.007711237862276137
2021-03-22,0.7142857142857143,0.21428571428571427,1.2142857142857142,0.5714285714285714,0.21428571428571427,0.9285714285714286,0.012015085158984834,0.002063893936609701,0.011231768355274981,0.0038526287155438467,0.001605758582502769,0.006296810705274722
2021-03-23,0.7857142857142857,0.21428571428571427,1.2857142857142858,0.6428571428571429,0.21428571428571427,1.1428571428571428,0.01306550532705206,0.002063893936609701,0.01160379216479879,0.004433348808459062,0.001605758582502769,0.008067767021685584
2021-03-24,1.0,0.14285714285714285,1.5,0.6428571428571429,0.2857142857142857,1.0714285714285714,0.014307160867773023,0.001363613824564883,0.012680604799400372,0.0042111008183539295,0.0018683636245195759,0.007558063194626925
2021-03-25,1.2142857142857142,0.2857142857142857,1.5,0.7857142857142857,0.35714285714285715,1.0,0.016693328916591674,0.0023840219878301892,0.012484415578820907,0.0050182033203716855,0.002204960931741118,0.007051477581658334
2021-03-26,1.2142857142857142,0.2857142857142857,1.5714285714285714,0.7857142857142857,0.42857142857142855,1.0,0.016200074503964358,0.0023840219878301892,0.013100179125618935,0.0050182033203716855,0.0025467244313993544,0.007051477581658334
2021-03-27,1.0714285714285714,0.35714285714285715,1.5,0.7857142857142857,0.42857142857142855,1.0714285714285714,0.01377876699791109,0.0029131225169307185,0.011836713239197869,0.0050182033203716855,0.0025467244313993544,0.007907303783106655
2021-03-28,0.9285714285714286,0.35714285714285715,1.2857142857142858,0.7857142857142857,0.42857142857142855,1.0714285714285714,0.011794640013784108,0.0029131225169307185,0.010065756922787007,0.0050182033203716855,0.0025467244313993544,0.007907303783106655
2021-03-29,1.0,0.35714285714285715,1.1428571428571428,0.7142857142857143,0.5,1.0,0.013418016637160732,0.0029131225169307185,0.0090453487595217,0.0045482785083416095,0.003184479533440171,0.007437378971076581
2021-03-30,1.1428571428571428,0.35714285714285715,1.3571428571428572,0.7142857142857143,0.5,1.0,0.01572216410259852,0.0029131225169307185,0.010801789040552146,0.0045482785083416095,0.003184479533440171,0.007437378971076581
2021-03-31,1.1428571428571428,0.35714285714285715,1.2142857142857142,0.7857142857142857,0.5714285714285714,1.0714285714285714,0.01572216410259852,0.0029131225169307185,0.00992988188897593,0.005341929301992404,0.0038916931119408783,0.00796792471438828
2021-04-01,1.2142857142857142,0.42857142857142855,1.2142857142857142,0.7142857142857143,0.5714285714285714,0.8571428571428571,0.017179890050120387,0.0035706529709728,0.00992988188897593,0.004982991757125211,0.0038916931119408783,0.006612613359076926
2021-04-02,1.2142857142857142,0.35714285714285715,1.2142857142857142,0.6428571428571429,0.5714285714285714,0.8571428571428571,0.017772003104239518,0.003037603930461073,0.00992988188897593,0.005700831131681004,0.0038916931119408783,0.006612613359076926
2021-04-03,1.1428571428571428,0.35714285714285715,1.2142857142857142,0.5,0.5714285714285714,0.8571428571428571,0.015731186777708905,0.003037603930461073,0.00992988188897593,0.004500350939604173,0.0038916931119408783,0.006612613359076926
2021-04-04,1.4285714285714286,0.42857142857142855,1.3571428571428572,0.5,0.5714285714285714,0.6428571428571429,0.021562090567796368,0.003930461073318216,0.015975924831383496,0.004500350939604173,0.005346719566967334,0.00532946536934211
2021-04-05,1.4285714285714286,0.42857142857142855,1.2142857142857142,0.42857142857142855,0.5714285714285714,0.6428571428571429,0.021951284706990506,0.003930461073318216,0.014955516668118188,0.003928922368175602,0.005346719566967334,0.00532946536934211
2021-04-06,1.3571428571428572,0.5,1.1428571428571428,0.35714285714285715,0.6428571428571429,0.42857142857142855,0.02090086453892328,0.004936497290622038,0.014583492858594378,0.0033482022752603867,0.00600202756172487,0.003558509052931248
2021-04-07,1.2142857142857142,0.5714285714285714,1.0714285714285714,0.35714285714285715,0.6428571428571429,0.35714285714285715,0.020395139734133056,0.0062351985893233375,0.014727681444994018,0.0036196434963769327,0.0064466360982087705,0.003025460012419521
2021-04-08,1.0,0.42857142857142855,0.9285714285714286,0.2857142857142857,0.5,0.42857142857142855,0.018548946711469443,0.005214790426058031,0.013762430479743053,0.0036528771288129583,0.00569475639896065,0.003918317155276664
2021-04-09,1.0714285714285714,0.42857142857142855,0.9285714285714286,0.2857142857142857,0.42857142857142855,0.42857142857142855,0.02187070094507778,0.005214790426058031,0.013751993809458341,0.0036528771288129583,0.005352992899302413,0.003918317155276664
2021-04-10,1.2857142857142858,0.42857142857142855,0.9285714285714286,0.2857142857142857,0.42857142857142855,0.35714285714285715,0.026072381617346686,0.0059388227290377025,0.013674276080250822,0.0036528771288129583,0.005352992899302413,0.0028231359525685796
2021-04-11,1.3571428571428572,0.5,1.0,0.2857142857142857,0.5,0.35714285714285715,0.028535435804538805,0.006524302822714517,0.01472469624831805,0.0036528771288129583,0.005894118440427954,0.0028231359525685796
2021-04-12,1.5,0.5,1.0,0.2857142857142857,0.42857142857142855,0.35714285714285715,0.031113739853431095,0.006524302822714517,0.01472469624831805,0.0036528771288129583,0.005256363338387138,0.0028231359525685796
2021-04-13,1.4285714285714286,0.5,1.1428571428571428,0.2857142857142857,0.42857142857142855,0.42857142857142855,0.029844789075363903,0.006524302822714517,0.014341882340913978,0.0036528771288129583,0.005256363338387138,0.0032457902213766945
2021-04-14,1.4285714285714286,0.5714285714285714,1.1428571428571428,0.2857142857142857,0.35714285714285715,0.2857142857142857,0.029844789075363903,0.0071678034662151615,0.01324552037642196,0.0035027269786628078,0.004549149759886431,0.0022326189954395112
2021-04-15,1.3571428571428572,0.5,1.3571428571428572,0.2857142857142857,0.5,0.21428571428571427,0.028387063127842036,0.00636652141493311,0.01410957567596113,0.0035027269786628078,0.005162270544681035,0.001756428519249035
2021-04-16,1.5,0.5714285714285714,1.6428571428571428,0.21428571428571427,0.5,0.21428571428571427,0.03016400958563956,0.0070880221364338315,0.015964863245534415,0.002074155550091379,0.005162270544681035,0.001756428519249035
2021-04-17,1.6428571428571428,0.5714285714285714,1.6428571428571428,0.21428571428571427,0.5,0.21428571428571427,0.03153763595926593,0.0070880221364338315,0.015964863245534415,0.002074155550091379,0.005162270544681035,0.001756428519249035
2021-04-18,1.4285714285714286,0.5,1.3571428571428572,0.21428571428571427,0.35714285714285715,0.35714285714285715,0.027538234000680305,0.006195164993576689,0.00844606625305321,0.002074155550091379,0.0025167678991783898,0.0027416501941258825
2021-04-19,1.3571428571428572,0.5,1.5714285714285714,0.35714285714285715,0.35714285714285715,0.35714285714285715,0.02605013876258507,0.006195164993576689,0.00974476755175451,0.002748009997530732,0.0025167678991783898,0.0027416501941258825
2021-04-20,1.3571428571428572,0.5,1.6428571428571428,0.42857142857142855,0.2857142857142857,0.42857142857142855,0.02605013876258507,0.005718229305373396,0.010180307621440923,0.003338328769667686,0.0018614599044208535,0.0031880787655544536
2021-04-21,2.9285714285714284,0.5,1.5714285714285714,0.35714285714285715,0.21428571428571427,0.5,0.04272394115067318,0.005030028617172708,0.009275362026229842,0.002748009997530732,0.0011542463259201462,0.0034715254775725944
2021-04-22,3.0714285714285716,0.5,1.7142857142857142,0.2857142857142857,0.21428571428571427,0.5714285714285714,0.04462008422328684,0.005030028617172708,0.010004224999990775,0.0019076738630769508,0.0011542463259201462,0.0033038314964268364
2021-04-23,3.2857142857142856,0.5,1.6428571428571428,0.2857142857142857,0.21428571428571427,0.5714285714285714,0.04446309835201525,0.005030028617172708,0.009398898123477457,0.0019076738630769508,0.0011542463259201462,0.0033038314964268364
2021-04-24,3.0714285714285716,0.5,1.6428571428571428,0.35714285714285715,0.21428571428571427,0.5714285714285714,0.04026141767974634,0.0049289695178114015,0.009398898123477457,0.0026440508881137694,0.0011542463259201462,0.0034631544848814774
2021-04-25,3.142857142857143,0.42857142857142855,1.6428571428571428,0.35714285714285715,0.14285714285714285,0.6428571428571429,0.039996165690356425,0.004343489424134586,0.009252637087417465,0.0026440508881137694,0.000613120784794605,0.004265722703180033
2021-04-26,3.357142857142857,0.5,1.7857142857142858,0.35714285714285715,0.21428571428571427,0.7142857142857143,0.04108549030909281,0.005554143177161221,0.01060034598229617,0.0026440508881137694,0.0011344972185797979,0.00494599481202357
2021-04-27,3.2857142857142856,0.5714285714285714,1.7142857142857142,0.35714285714285715,0.21428571428571427,0.7857142857142857,0.04005029362172221,0.006604563345228448,0.011648027114723066,0.0026440508881137694,0.0011344972185797979,0.00662418087934991
2021-04-28,3.357142857142857,0.5,1.5714285714285714,0.2857142857142857,0.21428571428571427,0.7857142857142857,0.041538388859817456,0.005961062701727804,0.01078744191678847,0.002000550244613126,0.0011344972185797979,0.00662418087934991
2021-04-29,3.5714285714285716,0.42857142857142855,1.7857142857142858,0.8571428571428571,0.07142857142857142,0.8571428571428571,0.04435793773199791,0.005274249514914618,0.013682785113489901,0.005835641328026357,0.0005213764337851932,0.00725074729539001
2021-04-30,3.642857142857143,0.42857142857142855,1.5714285714285714,0.8571428571428571,0.14285714285714285,0.8571428571428571,0.044922238296298475,0.005468499709164812,0.012459608795496893,0.005835641328026357,0.0009706127320780953,0.00725074729539001
2021-05-01,3.7857142857142856,0.42857142857142855,1.5714285714285714,0.8571428571428571,0.14285714285714285,0.9285714285714286,0.05035133301110747,0.005468499709164812,0.012459608795496893,0.005835641328026357,0.0009706127320780953,0.007804457151425448
2021-05-02,3.7857142857142856,0.5,1.6428571428571428,0.8571428571428571,0.21428571428571427,0.7857142857142857,0.04977296401168584,0.00625342906552274,0.013541859877747975,0.005835641328026357,0.002161088922554286,0.0068192354765486
2021-05-03,3.9285714285714284,0.6428571428571429,1.5714285714285714,0.8571428571428571,0.2857142857142857,0.8571428571428571,0.051604465843187675,0.007773185904428515,0.013518668783128308,0.006382788101588224,0.002727982346590567,0.007579113896001488
2021-05-04,4.0,0.6428571428571429,1.5714285714285714,0.8571428571428571,0.2857142857142857,0.9285714285714286,0.05283599293678374,0.0077893416457750966,0.013582629212942397,0.0064477773242088065,0.002727982346590567,0.008493229542259992
2021-05-05,2.5714285714285716,0.7857142857142857,1.8571428571428572,0.9285714285714286,0.2857142857142857,0.9285714285714286,0.038759593146098226,0.009010342866776318,0.01552697141717034,0.006821748902368867,0.002727982346590567,0.008679707642271927
2021-05-06,2.5,0.9285714285714286,1.8571428571428572,0.9285714285714286,0.2857142857142857,0.7857142857142857,0.038108392494897565,0.010231344087777539,0.015848528611476634,0.006821748902368867,0.002727982346590567,0.00795454448056054
2021-05-07,2.357142857142857,1.0714285714285714,1.8571428571428572,1.0,0.35714285714285715,0.8571428571428571,0.038079849609211826,0.011751100926683314,0.015848528611476634,0.00731435973980729,0.0030697458462488033,0.008382260477138814
2021-05-08,2.4285714285714284,1.2142857142857142,2.0714285714285716,1.0,0.5714285714285714,0.8571428571428571,0.040244351773713986,0.011882175183699236,0.019146659389531834,0.007210093966350749,0.005170586182383257,0.008323145922225939
2021-05-09,2.2857142857142856,1.2857142857142858,2.0,1.0714285714285714,0.5714285714285714,0.8571428571428571,0.03804654957591179,0.01267582597735003,0.0182425002575246,0.008012662184649305,0.005170586182383257,0.0078194420195281
2021-05-10,2.0,1.2142857142857142,2.0,1.1428571428571428,0.5,0.7857142857142857,0.03476761671951414,0.011465172224323394,0.01857546363155346,0.008712942296694124,0.004649209748598064,0.007139169910684562
2021-05-11,2.142857142857143,1.2142857142857142,1.8571428571428572,1.1428571428571428,0.5,0.6428571428571429,0.03648878711538333,0.011235770118653541,0.017541118677511285,0.008712942296694124,0.004649209748598064,0.005038329574550108
2021-05-12,2.0714285714285716,1.2142857142857142,1.8571428571428572,1.1428571428571428,0.5,0.6428571428571429,0.03500069187728809,0.011235770118653541,0.017541118677511285,0.008712942296694124,0.004649209748598064,0.005038329574550108
2021-05-13,2.0,1.3571428571428572,1.4285714285714286,0.5714285714285714,0.5,0.5714285714285714,0.034345645169609806,0.01252277140565483,0.013781720181270685,0.004877851213280891,0.004649209748598064,0.004411763158510008
2021-05-14,1.7142857142857142,1.2857142857142858,2.0,0.5714285714285714,0.42857142857142855,0.5714285714285714,0.030484641308605946,0.011607020489903913,0.01491086137587436,0.004877851213280891,0.004199973450305162,0.004411763158510008
2021-05-15,1.4285714285714286,1.4285714285714286,2.2142857142857144,0.5714285714285714,0.42857142857142855,0.5,0.02368192022017057,0.013462308059477197,0.01599860611844144,0.004877851213280891,0.004199973450305162,0.0038580533024745703
2021-05-16,1.4285714285714286,1.3571428571428572,2.142857142857143,0.6428571428571429,0.35714285714285715,0.5,0.023044550934888403,0.01267737870311927,0.014916355036190357,0.005621898832328511,0.0030094972598289716,0.0038580533024745703
2021-05-17,1.2857142857142858,1.4285714285714286,2.142857142857143,0.6428571428571429,0.2857142857142857,0.5,0.021213049103386568,0.013940553218573421,0.01444341305040728,0.005953692642383191,0.0024426038357926905,0.003759550544397344
2021-05-18,1.2142857142857142,1.4285714285714286,2.0714285714285716,0.5714285714285714,0.2857142857142857,0.35714285714285715,0.01998152200979051,0.014124159921887244,0.01394391255090678,0.005298384647625655,0.0024426038357926905,0.002399006326710269
2021-05-19,1.0,1.2142857142857142,1.7142857142857142,0.5,0.2857142857142857,0.2857142857142857,0.01590643043469894,0.012292658090385414,0.011683514720888697,0.004924413069465595,0.0024426038357926905,0.0019290815146801939
2021-05-20,0.9285714285714286,1.0714285714285714,1.5714285714285714,0.5,0.42857142857142855,0.2857142857142857,0.01431134795726352,0.011071656869384192,0.010633094552821468,0.004924413069465595,0.003273168619845847,0.0019290815146801939
2021-05-21,0.7142857142857143,1.0,1.7142857142857142,0.42857142857142855,0.42857142857142855,0.2857142857142857,0.010415244061159625,0.010311778449931305,0.011579168346577382,0.004431802232027171,0.0034490034638729105,0.0019316581170692197
2021-05-22,0.7857142857142857,0.7857142857142857,1.4285714285714286,0.35714285714285715,0.21428571428571427,0.2857142857142857,0.011425345071260636,0.009028630460196488,0.007665274021724154,0.0037996909804468926,0.0013481631277384566,0.0019007366575763318
2021-05-23,1.0714285714285714,0.7857142857142857,1.9285714285714286,0.42857142857142855,0.42857142857142855,0.5,0.015754349400264964,0.009127836809402838,0.011831940688390821,0.004805441026162803,0.005549843800007365,0.0036722657167168157
2021-05-24,1.0,0.7857142857142857,1.8571428571428572,0.35714285714285715,0.5,0.5714285714285714,0.01529507199671322,0.009127836809402838,0.011129742000696566,0.004105160914117985,0.0072109733681136766,0.004209322644751187
2021-05-25,1.0714285714285714,0.8571428571428571,1.8571428571428572,0.35714285714285715,0.5,0.5714285714285714,0.015437255638111108,0.011163961604148323,0.01080098050688653,0.004105160914117985,0.0072109733681136766,0.004209322644751187
2021-05-26,1.2142857142857142,0.8571428571428571,1.8571428571428572,0.35714285714285715,0.5,0.5714285714285714,0.017268757469612938,0.011163961604148323,0.01080098050688653,0.004105160914117985,0.0072109733681136766,0.004209322644751187
2021-05-27,1.1428571428571428,0.7142857142857143,1.8571428571428572,0.5,0.5,0.6428571428571429,0.01579773658111632,0.009876960317147035,0.01080098050688653,0.005562886861639852,0.0072109733681136766,0.004902803920756735
2021-05-28,1.2857142857142858,0.7142857142857143,1.2142857142857142,0.5,0.5,0.7857142857142857,0.01799553877891852,0.009876960317147035,0.009039728060702575,0.005562886861639852,0.0072109733681136766,0.006027663313332663
2021-05-29,1.2857142857142858,0.5714285714285714,1.0,0.5,0.5,0.7857142857142857,0.01799553877891852,0.00802167274757375,0.007951983318135496,0.005562886861639852,0.0072109733681136766,0.006027663313332663
2021-05-30,1.3571428571428572,0.5714285714285714,1.0,0.5,0.5714285714285714,0.7857142857142857,0.01954427739662265,0.00802167274757375,0.007951983318135496,0.005884937323615687,0.0088343499914903,0.006027663313332663
2021-05-31,1.4285714285714286,0.35714285714285715,1.0,0.35714285714285715,0.5714285714285714,0.7142857142857143,0.02062652847887373,0.005238741393213825,0.0086855134101288,0.004332142292559786,0.0088343499914903,0.005366287651957001
2021-06-01,1.5,0.2857142857142857,1.0714285714285714,0.35714285714285715,0.7142857142857143,0.7142857142857143,0.021692626559897184,0.004509878419452892,0.009601264325879716,0.004332142292559786,0.009578397610537918,0.005366287651957001
2021-06-02,1.4285714285714286,0.2857142857142857,1.1428571428571428,0.42857142857142855,0.7142857142857143,0.7857142857142857,0.021005813373083996,0.004509878419452892,0.010517015241630633,0.005143830604248098,0.009578397610537918,0.005987405664379363
2021-06-03,1.4285714285714286,0.2857142857142857,1.2142857142857142,0.5,0.5714285714285714,0.7857142857142857,0.02132901957864314,0.004509878419452892,0.011792525445712266,0.005865331325748819,0.008747832826484763,0.005987405664379363
2021-06-04,1.5,0.21428571428571427,1.1428571428571428,0.5714285714285714,0.5,0.7857142857142857,0.022169355713096923,0.003750000000000004,0.011896871820023578,0.006579617040034533,0.008230234482799461,0.0062786137869127855
2021-06-05,1.4285714285714286,0.21428571428571427,1.2142857142857142,0.5714285714285714,0.5,0.7142857142857143,0.019986816030557242,0.003750000000000004,0.013067832007377208,0.006579617040034533,0.008230234482799461,0.005768409705280132
2021-06-06,1.1428571428571428,0.14285714285714285,1.0,0.42857142857142855,0.2857142857142857,0.42857142857142855,0.015657811701552914,0.0028571428571428615,0.0112240457123714,0.004771298776020067,0.004028553810530555,0.003698016330538931
2021-06-07,1.1428571428571428,0.14285714285714285,1.0,0.42857142857142855,0.21428571428571427,0.42857142857142855,0.015890730956211296,0.0028571428571428615,0.011021969646686043,0.004771298776020067,0.0023674242424242425,0.003854440678510107
2021-06-08,0.9285714285714286,0.0,0.9285714285714286,0.42857142857142855,0.21428571428571427,0.5,0.014027376918944217,4.460717509654647e-18,0.01061907658324252,0.004771298776020067,0.0023674242424242425,0.004391497606544478
2021-06-09,0.8571428571428571,0.0,0.9285714285714286,0.42857142857142855,0.21428571428571427,0.5714285714285714,0.013471385291524017,4.460717509654647e-18,0.01061907658324252,0.004771298776020067,0.0023674242424242425,0.004884108443982902
2021-06-10,0.7857142857142857,0.0,1.2142857142857142,0.35714285714285715,0.21428571428571427,0.6428571428571429,0.01277790401551847,4.460717509654647e-18,0.013240308562272665,0.0038096045745299478,0.0023674242424242425,0.005333484310834497
2021-06-11,0.7857142857142857,0.07142857142857142,1.2142857142857142,1.2857142857142858,0.2857142857142857,0.5,0.012712297979763181,0.0008025682182985598,0.013240308562272665,0.00845246171738709,0.00272279026943206,0.004208624918258569
2021-06-12,0.7857142857142857,0.14285714285714285,1.2142857142857142,1.6428571428571428,0.2857142857142857,0.5,0.012712297979763181,0.001884819300549642,0.013240308562272665,0.009692541082466455,0.00272279026943206,0.004208624918258569
2021-06-13,0.6428571428571429,0.21428571428571427,1.2142857142857142,1.8571428571428572,0.21428571428571427,0.5,0.010547795815261015,0.0030186061486222045,0.013240308562272665,0.010327123273551845,0.0010994136460554368,0.004208624918258569
2021-06-14,0.7142857142857143,0.2857142857142857,1.0714285714285714,1.9285714285714286,0.21428571428571427,0.5714285714285714,0.0120165651411732,0.004317307447323503,0.011704210251980806,0.011020604549557392,0.0010994136460554368,0.004968503337711457
2021-06-15,0.6428571428571429,0.2857142857142857,1.1428571428571428,1.9285714285714286,0.07142857142857142,0.5714285714285714,0.010950467060149746,0.004317307447323503,0.012099075325744961,0.011020604549557392,0.0003553660270078178,0.004968503337711457
2021-06-16,0.7142857142857143,0.2857142857142857,1.0714285714285714,1.9285714285714286,0.07142857142857142,0.5,0.012032718142400827,0.004317307447323503,0.011183324409994045,0.010895729424682268,0.0003553660270078178,0.004347385325289097
2021-06-17,0.7857142857142857,0.5,1.4285714285714286,1.8571428571428572,0.07142857142857142,0.5714285714285714,0.01351623462591731,0.007773528645480185,0.014566199299080115,0.010174228703181546,0.0003553660270078178,0.0052184654646619194
2021-06-18,0.8571428571428571,0.6428571428571429,1.3571428571428572,1.7857142857142858,0.07142857142857142,0.5,0.015652088967654004,0.009938030809982349,0.013515779131012888,0.00945994298889583,0.0003553660270078178,0.004496964743161198
2021-06-19,0.7857142857142857,0.6428571428571429,1.4285714285714286,1.8571428571428572,0.07142857142857142,0.5,0.014660025475590513,0.009938030809982349,0.01406598933952845,0.010480351152161138,0.0003553660270078178,0.004496964743161198
2021-06-20,0.8571428571428571,0.6428571428571429,1.2142857142857142,1.8571428571428572,0.07142857142857142,0.5714285714285714,0.016539724723710812,0.009938030809982349,0.012614189107240412,0.010480351152161138,0.0003553660270078178,0.005190446019166746
2021-06-21,0.7857142857142857,0.7857142857142857,1.1428571428571428,1.8571428571428572,0.07142857142857142,0.5714285714285714,0.014754010437996528,0.011090104542701243,0.011837791591712462,0.010480351152161138,0.0003553660270078178,0.005265013898307128
2021-06-22,0.7857142857142857,0.7857142857142857,1.2142857142857142,2.0,0.07142857142857142,0.5,0.014754010437996528,0.011090104542701243,0.012372959787431118,0.011265280508519064,0.0003553660270078178,0.004727956970272756
2021-06-23,0.7857142857142857,0.9285714285714286,1.2142857142857142,2.0,0.07142857142857142,0.42857142857142855,0.01522066051266054,0.012180617083595463,0.012372959787431118,0.011265280508519064,0.0003553660270078178,0.004235346132834333
2021-06-24,0.8571428571428571,1.0,1.0,2.0714285714285716,0.07142857142857142,0.35714285714285715,0.01647379334474074,0.01286743027040865,0.010367491355199002,0.011754470437364165,0.0003553660270078178,0.003747796984734726
2021-06-25,0.8571428571428571,0.9285714285714286,1.5,1.2857142857142858,0.0,0.42857142857142855,0.016325724166820814,0.012064862052110093,0.013308667825787237,0.008302089484983214,0.0,0.004175512981312998
2021-06-26,0.9285714285714286,0.8571428571428571,1.6428571428571428,0.9285714285714286,0.0,0.5714285714285714,0.017601234370902448,0.010982610969859011,0.01610978827396651,0.007062010119903849,0.0,0.006373315179115195
2021-06-27,0.9285714285714286,0.7857142857142857,1.7142857142857142,0.6428571428571429,0.0,0.5714285714285714,0.017601234370902448,0.009848824121786448,0.016970373471901105,0.005361329847795005,0.0,0.006373315179115195
2021-06-28,0.7857142857142857,0.7142857142857143,1.9285714285714286,0.5714285714285714,0.0,0.5,0.015050213962739182,0.008550122823085149,0.01952139388006437,0.004667848571789457,0.0,0.005613436759662307
2021-06-29,0.7857142857142857,0.7142857142857143,2.0,0.5714285714285714,0.0,0.5714285714285714,0.015050213962739182,0.008550122823085149,0.020442920747692155,0.004667848571789457,0.0,0.0062511918617031235
2021-06-30,0.7857142857142857,0.7142857142857143,2.0,0.5714285714285714,0.0,0.5714285714285714,0.014960026372551592,0.008550122823085149,0.020442920747692155,0.004539071099261985,0.0,0.0062511918617031235
2021-07-01,0.6428571428571429,0.5714285714285714,1.5714285714285714,0.5714285714285714,0.0,0.5,0.012102883515408735,0.006304555377955102,0.01578453565452445,0.004539071099261985,0.0,0.005380111722330301
2021-07-02,0.5,0.42857142857142855,1.5714285714285714,0.7142857142857143,0.0,0.5,0.009126693039218259,0.004140053213452938,0.01578453565452445,0.0056911448319808796,0.0,0.005380111722330301
2021-07-03,0.5,0.42857142857142855,1.4285714285714286,0.7142857142857143,0.14285714285714285,0.5714285714285714,0.009126693039218259,0.004140053213452938,0.01406336525865526,0.0057059333560861725,0.0017006802721088433,0.006479012821231401
2021-07-04,0.42857142857142855,0.5714285714285714,1.3571428571428572,0.7857142857142857,0.14285714285714285,0.5,0.007246993791097958,0.006603107400645056,0.013192285119282438,0.006566518554020768,0.0017006802721088433,0.005785531545225853
2021-07-05,0.42857142857142855,0.42857142857142855,1.7142857142857142,0.8571428571428571,0.14285714285714285,0.42857142857142855,0.007246993791097958,0.0054510336679261615,0.016951683615523037,0.007240373001460121,0.0017006802721088433,0.005017482390079923
2021-07-06,0.5,0.42857142857142855,1.5714285714285714,0.7142857142857143,0.21428571428571427,0.42857142857142855,0.008500126623178159,0.0054510336679261615,0.015761207425046848,0.006455443645102193,0.002281400365024058,0.005017482390079923
2021-07-07,0.5714285714285714,0.2857142857142857,1.6428571428571428,0.7142857142857143,0.21428571428571427,0.5,0.008688468274934445,0.004360521127031941,0.017108916319925553,0.006455443645102193,0.002281400365024058,0.005838500452477296
2021-07-08,0.7142857142857143,0.21428571428571427,1.7857142857142858,0.6428571428571429,0.21428571428571427,0.5714285714285714,0.011194733939094845,0.003673707940218755,0.018593993109261974,0.0061137226137259896,0.002281400365024058,0.006806569081096384
2021-07-09,0.6428571428571429,0.2857142857142857,1.4285714285714286,0.5,0.21428571428571427,0.5,0.010162987907348816,0.005131433887740621,0.01785061883647594,0.0049232464232498,0.002281400365024058,0.0063788530845181116
2021-07-10,0.7857142857142857,0.35714285714285715,1.2857142857142858,0.5,0.2857142857142857,0.35714285714285715,0.014381983197772678,0.006589159835262487,0.015049498388296667,0.0049232464232498,0.003066329721381986,0.004181050886715914
2021-07-11,0.7857142857142857,0.35714285714285715,1.2142857142857142,0.5,0.2857142857142857,0.35714285714285715,0.014381983197772678,0.006589159835262487,0.01418891319036207,0.0049232464232498,0.003066329721381986,0.004181050886715914
2021-07-12,0.7857142857142857,0.35714285714285715,1.0,0.5,0.5,0.42857142857142855,0.014381983197772678,0.006589159835262487,0.011637892782198804,0.0049232464232498,0.006001750465021908,0.005352011074069544
2021-07-13,0.9285714285714286,0.5,0.9285714285714286,0.6428571428571429,0.5,0.35714285714285715,0.016686130663210466,0.008519661765764417,0.010753458819934654,0.0064760414543057,0.006001750465021908,0.004714255972028728
2021-07-14,0.8571428571428571,0.7142857142857143,1.0714285714285714,0.6428571428571429,0.5,0.42857142857142855,0.015694067171146974,0.010954726700829353,0.013095379194641914,0.006639506461520707,0.006001750465021908,0.005499185328386656
2021-07-15,1.0,0.6428571428571429,1.1428571428571428,0.6428571428571429,0.5714285714285714,0.42857142857142855,0.017678194155273958,0.009744072947802718,0.01395596439257651,0.006639506461520707,0.006526960549055522,0.005499185328386656
2021-07-16,1.0,0.7142857142857143,1.2142857142857142,0.5,0.5714285714285714,0.42857142857142855,0.017678194155273958,0.010934549138278907,0.015278715715327833,0.005487432728801813,0.006526960549055522,0.005499185328386656
2021-07-17,1.0,0.7142857142857143,1.2142857142857142,0.42857142857142855,0.42857142857142855,0.5,0.017678194155273958,0.010934549138278907,0.015278715715327833,0.004452236041431213,0.004826280276946678,0.005888379467580794
2021-07-18,1.0,0.5714285714285714,1.2142857142857142,0.35714285714285715,0.42857142857142855,0.5,0.017678194155273958,0.00847149495108679,0.015278715715327833,0.003591650843496617,0.004826280276946678,0.005888379467580794
2021-07-19,1.0714285714285714,0.5714285714285714,0.8571428571428571,0.2857142857142857,0.5,0.5714285714285714,0.01919795099417973,0.00847149495108679,0.011519317219087232,0.0029177963960572637,0.005407000369861893,0.0069544775486042485
2021-07-20,1.0,0.6428571428571429,0.8571428571428571,0.2857142857142857,0.42857142857142855,0.7142857142857143,0.01794481816209953,0.009449968532300096,0.011519317219087232,0.0029177963960572637,0.004826280276946678,0.00850727257966015
2021-07-21,0.8571428571428571,0.7142857142857143,0.8571428571428571,0.2857142857142857,0.42857142857142855,0.6428571428571429,0.0160143162315976,0.010878539960871524,0.011192016487473833,0.0029177963960572637,0.004826280276946678,0.007686254517262777
2021-07-22,0.6428571428571429,0.9285714285714286,0.6428571428571429,0.21428571428571427,0.42857142857142855,0.5,0.012254917735356998,0.01352404260637417,0.009091176151339378,0.0022742957525566203,0.004826280276946678,0.006062877893886154
2021-07-23,0.5714285714285714,0.8571428571428571,0.5714285714285714,0.21428571428571427,0.5,0.5,0.011302536782976045,0.012066316658852303,0.007573646062380717,0.0022742957525566203,0.005766129901006828,0.006062877893886154
2021-07-24,0.35714285714285715,0.7857142857142857,0.6428571428571429,0.21428571428571427,0.42857142857142855,0.5,0.00580803128847055,0.010608590711330438,0.008341695217526647,0.0022742957525566203,0.0049812005446489005,0.006062877893886154
2021-07-25,0.42857142857142855,0.9285714285714286,0.8571428571428571,0.2857142857142857,0.42857142857142855,0.5714285714285714,0.0072085915125601864,0.012565537873757053,0.009840196716028145,0.0032141453766167706,0.0049812005446489005,0.007361579192587453
2021-07-26,0.6428571428571429,1.1428571428571428,0.8571428571428571,0.35714285714285715,0.21428571428571427,0.5,0.011329470633439307,0.015057232225916522,0.009840196716028145,0.004296396458867853,0.002045779801008979,0.0061906190052338226
2021-07-27,0.5,1.0714285714285714,0.7857142857142857,0.21428571428571427,0.21428571428571427,0.5,0.009025323168001519,0.014008564510582138,0.0091136058335718,0.002743601427811952,0.002045779801008979,0.0061906190052338226
2021-07-28,0.5714285714285714,1.0,0.7142857142857143,0.21428571428571427,0.21428571428571427,0.42857142857142855,0.010612624755303108,0.013234629143623517,0.007458498645677726,0.002525118814963142,0.002045779801008979,0.005405689648875895
2021-07-29,0.5,1.0,0.7857142857142857,0.2857142857142857,0.2857142857142857,0.42857142857142855,0.010370658049921766,0.013234629143623517,0.008795715645545328,0.003355683599016298,0.0026726434496942594,0.005405689648875895
2021-07-30,0.5714285714285714,0.9285714285714286,1.0,0.2857142857142857,0.2857142857142857,0.5,0.011693409372673089,0.012044152953147327,0.013303868112881468,0.003355683599016298,0.0026726434496942594,0.006834261077447323
2021-07-31,0.7142857142857143,1.0,1.0714285714285714,0.2857142857142857,0.2857142857142857,0.35714285714285715,0.013598171277434994,0.012874717737200484,0.014823624951787243,0.003355683599016298,0.0026726434496942594,0.005346165839352086
2021-08-01,0.8571428571428571,1.0714285714285714,1.1428571428571428,0.35714285714285715,0.2857142857142857,0.35714285714285715,0.016104436941595395,0.013668368530851276,0.01652430522389609,0.004566337352042932,0.0026726434496942594,0.005346165839352086
2021-08-02,0.7857142857142857,1.1428571428571428,1.2142857142857142,0.35714285714285715,0.21428571428571427,0.35714285714285715,0.01458468010268962,0.014508704665305057,0.01845480715439802,0.004566337352042932,0.002091923356779044,0.005362318840579714
2021-08-03,0.9285714285714286,1.0714285714285714,1.2857142857142858,0.42857142857142855,0.2857142857142857,0.21428571428571427,0.017385800550868892,0.01353023108409175,0.019730317358479653,0.005387355414440305,0.0025985089697476357,0.0038095238095238134
2021-08-04,0.9285714285714286,1.0,1.2857142857142858,0.5,0.2857142857142857,0.2857142857142857,0.017385800550868892,0.012101659655520321,0.019325672742012377,0.006108856135941026,0.0025985089697476357,0.0046120920278223685
2021-08-05,1.0,0.9285714285714286,1.3571428571428572,0.5,0.2857142857142857,0.2857142857142857,0.018179451344519683,0.011588353172064584,0.02049663292936601,0.006108856135941026,0.0025985089697476357,0.0046120920278223685
2021-08-06,1.0,0.9285714285714286,1.3571428571428572,0.5714285714285714,0.21428571428571427,0.2857142857142857,0.018179451344519683,0.011588353172064584,0.021602075106236757,0.006885253651468976,0.0016586593456874854,0.0046120920278223685
2021-08-07,1.0,0.9285714285714286,1.3571428571428572,0.5714285714285714,0.21428571428571427,0.2857142857142857,0.018179451344519683,0.011588353172064584,0.022421327538392412,0.006885253651468976,0.0016586593456874854,0.0046120920278223685
2021-08-08,0.9285714285714286,0.8571428571428571,1.1428571428571428,0.5714285714285714,0.2857142857142857,0.21428571428571427,0.01677889112043005,0.010609879590851277,0.020922826039890912,0.006885253651468976,0.002380160067188207,0.0033133907291210698
2021-08-09,0.7142857142857143,0.7857142857142857,1.3571428571428572,0.6428571428571429,0.2857142857142857,0.2857142857142857,0.012658011999550927,0.010250381400738718,0.023277614108964697,0.0070785127732995255,0.002380160067188207,0.00408978824464902
2021-08-10,0.8571428571428571,0.7857142857142857,1.3571428571428572,0.7142857142857143,0.2857142857142857,0.35714285714285715,0.01433868426845849,0.010559023376047359,0.023408375795790453,0.007822560392347145,0.002380160067188207,0.004971622459816569
2021-08-11,0.9285714285714286,0.7857142857142857,1.5,0.6428571428571429,0.35714285714285715,0.42857142857142855,0.015302403089320168,0.01116546750408617,0.02488606477347943,0.007319542283695233,0.0027954424592147855,0.005802187243869724
2021-08-12,0.9285714285714286,0.9285714285714286,1.7857142857142858,0.5714285714285714,0.21428571428571427,0.42857142857142855,0.014858944109275823,0.0130959694345881,0.027106524725898144,0.006488977499642077,0.0016433687264958915,0.005802187243869724
2021-08-13,1.0,1.4285714285714286,2.4285714285714284,0.7857142857142857,0.42857142857142855,0.8571428571428571,0.015257363182393692,0.01618238918767452,0.03084852226128933,0.008653479664144242,0.003196163757551792,0.008798394576360242
2021-08-14,0.8571428571428571,1.4285714285714286,2.4285714285714284,0.8571428571428571,0.42857142857142855,1.0,0.013352601277631786,0.0162559835356286,0.03142960575851801,0.00938985668918106,0.003196163757551792,0.010479066845267806
2021-08-15,0.7142857142857143,1.3571428571428572,2.5,0.8571428571428571,0.5714285714285714,1.0714285714285714,0.010846335613471385,0.015462332741977806,0.030764122173779766,0.008668439726761078,0.004167981055899703,0.011020192386393346
2021-08-16,0.8571428571428571,1.3571428571428572,2.5,0.9285714285714286,0.7142857142857143,1.0,0.012433637200772974,0.015514853750381169,0.029396049939565797,0.009132261619154399,0.004900581788500435,0.009937941304142264
2021-08-17,0.7142857142857143,1.3571428571428572,2.4285714285714284,0.8571428571428571,0.6428571428571429,1.0,0.009632516752593702,0.015514853750381169,0.028120539735484167,0.008311243556757027,0.004393996175531844,0.009937941304142264
2021-08-18,0.7142857142857143,1.3571428571428572,2.357142857142857,0.7857142857142857,0.6428571428571429,1.0,0.009632516752593702,0.015514853750381169,0.027504776188686134,0.007589742835256305,0.004393996175531844,0.009684823635294259
2021-08-19,0.7857142857142857,1.2142857142857142,2.2857142857142856,0.7857142857142857,0.6428571428571429,1.0,0.01067036779044474,0.01338265758833426,0.026333816001332503,0.007589742835256305,0.004393996175531844,0.009684823635294259
2021-08-20,0.7857142857142857,1.2857142857142858,2.2857142857142856,0.7857142857142857,0.6428571428571429,1.0714285714285714,0.01067036779044474,0.01415070674348019,0.025169219728040575,0.007765726272109308,0.004393996175531844,0.010612467420080901
2021-08-21,0.8571428571428571,1.2857142857142858,2.2142857142857144,0.7857142857142857,0.6428571428571429,1.0714285714285714,0.011752618872695821,0.01415070674348019,0.02358191814073899,0.007765726272109308,0.004393996175531844,0.010612467420080901
2021-08-22,0.8571428571428571,1.2142857142857142,2.2142857142857144,0.7142857142857143,0.5714285714285714,1.0714285714285714,0.011752618872695821,0.013172233162266882,0.02358191814073899,0.0068258766480491576,0.0036724954540311226,0.010612467420080901
2021-08-23,0.9285714285714286,1.0714285714285714,2.0714285714285716,0.5714285714285714,0.7142857142857143,1.0,0.013028129076777454,0.011040037000219974,0.0220877152695998,0.005550366443967524,0.0048153525968882656,0.009836069904552951
2021-08-24,0.8571428571428571,1.0,2.0714285714285716,0.5,0.7142857142857143,0.9285714285714286,0.012446357906770988,0.009849560809743783,0.022228692713208827,0.004806318824919905,0.0048153525968882656,0.008954235689385403
2021-08-25,0.9285714285714286,0.8571428571428571,2.0,0.6428571428571429,0.6428571428571429,0.8571428571428571,0.013527298757687628,0.007581987113598658,0.021274844301733296,0.0054646466721878445,0.004400070204861688,0.008123670905332248
2021-08-26,0.8571428571428571,0.7142857142857143,1.5714285714285714,0.7142857142857143,0.6428571428571429,0.8571428571428571,0.012228597458986329,0.005651485183096728,0.016856582151512384,0.005967664780839757,0.004400070204861688,0.008123670905332248
2021-08-27,0.7142857142857143,0.2857142857142857,0.6428571428571429,0.5,0.42857142857142855,0.35714285714285715,0.010507427063117138,0.0037171391627292025,0.007283680826033738,0.0038031626163375918,0.0028472751738057877,0.0036988921442703
2021-08-28,0.7857142857142857,0.21428571428571427,0.6428571428571429,0.42857142857142855,0.5,0.21428571428571427,0.01183017838586846,0.0028129800307219693,0.006806217113275908,0.0030667855913007734,0.003414168597842069,0.0020182198753627375
2021-08-29,0.7857142857142857,0.21428571428571427,0.5,0.5,0.42857142857142855,0.14285714285714285,0.01183017838586846,0.0028129800307219693,0.0057710204259053075,0.0029700134788730836,0.0031099080418172556,0.0014770943342371963
2021-08-30,0.6428571428571429,0.14285714285714285,0.42857142857142855,0.42857142857142855,0.2857142857142857,0.14285714285714285,0.010242876798566874,0.0019201228878648264,0.005208590729617344,0.0025061915864797624,0.002377307309216523,0.0014770943342371963
2021-08-31,0.7142857142857143,0.2857142857142857,0.5,0.5,0.42857142857142855,0.21428571428571427,0.011413836985920503,0.003348694316436255,0.006011158947915899,0.0030392406269914895,0.003243108175017389,0.0019765948337376956
2021-09-01,0.7142857142857143,0.2857142857142857,0.5714285714285714,0.5714285714285714,0.5,0.21428571428571427,0.011413836985920503,0.003348694316436255,0.006904016090773042,0.003580366168117031,0.0036075396618978554,0.002003181150646593
2021-09-02,0.5714285714285714,0.2857142857142857,0.6428571428571429,0.5714285714285714,0.5714285714285714,0.2857142857142857,0.009582335154418671,0.003348694316436255,0.007339556160459454,0.003580366168117031,0.004301020937903403,0.002593499922783547
2021-09-03,0.5714285714285714,0.2857142857142857,0.7142857142857143,0.5,0.6428571428571429,0.21428571428571427,0.009582335154418671,0.0033742959549411195,0.008360474272831838,0.002627985215736078,0.004691341000354614,0.0016658561379969052
2021-09-04,0.5,0.2857142857142857,0.7142857142857143,0.5,0.6428571428571429,0.21428571428571427,0.00850008407216759,0.0033742959549411195,0.008360474272831838,0.002627985215736078,0.004691341000354614,0.0016658561379969052
2021-09-05,0.5,0.2857142857142857,0.7142857142857143,0.5,0.7142857142857143,0.21428571428571427,0.00850008407216759,0.0033742959549411195,0.008360474272831838,0.002627985215736078,0.005512359062751986,0.0016658561379969052
2021-09-06,0.42857142857142855,0.35714285714285715,0.7142857142857143,0.6428571428571429,0.5714285714285714,0.21428571428571427,0.007224573868085956,0.004103158928702053,0.008228752048658177,0.0034260698127033568,0.004369501919894844,0.0016658561379969052
2021-09-07,0.5,0.35714285714285715,0.8571428571428571,0.7142857142857143,0.5714285714285714,0.21428571428571427,0.008196066143926057,0.004103158928702053,0.008666862075277521,0.00367322749930741,0.004369501919894844,0.0016658561379969052
2021-09-08,0.2857142857142857,0.5714285714285714,0.7857142857142857,0.7142857142857143,0.5714285714285714,0.21428571428571427,0.004564104884846154,0.005845319207447698,0.008408589274631837,0.004225553405066105,0.004369501919894844,0.0016658561379969052
2021-09-09,0.42857142857142855,0.5714285714285714,0.7857142857142857,0.6428571428571429,0.6428571428571429,0.2857142857142857,0.006327773315181251,0.005845319207447698,0.008408589274631837,0.0037225352964141934,0.004747430869252364,0.002056176200448115
2021-09-10,0.42857142857142855,0.5,0.7857142857142857,0.7142857142857143,0.6428571428571429,0.2857142857142857,0.006327773315181251,0.0046932454747288035,0.008408589274631837,0.004128379452258349,0.004747430869252364,0.002056176200448115
2021-09-11,0.35714285714285715,0.6428571428571429,0.8571428571428571,0.9285714285714286,0.7142857142857143,0.5,0.005005021992429928,0.006229343785020662,0.009382615248657812,0.00638401855000271,0.005716635755507941,0.0036434777877497023
2021-09-12,0.42857142857142855,0.7857142857142857,1.0714285714285714,0.8571428571428571,0.6428571428571429,0.5,0.005773071147575858,0.00698922220447355,0.011168329534372096,0.006243951650723292,0.005049079013184844,0.0036434777877497023
2021-09-13,0.42857142857142855,0.9285714285714286,1.5,0.8571428571428571,0.6428571428571429,0.5,0.005773071147575858,0.008893984109235455,0.013933306492897443,0.006243951650723292,0.005049079013184844,0.0036434777877497023
2021-09-14,0.35714285714285715,0.8571428571428571,1.5,0.7857142857142857,0.5,0.5714285714285714,0.004602110960222228,0.008165692792708843,0.013811010383442426,0.005710902610211566,0.004183278147383978,0.0041571485141863864
2021-09-15,0.42857142857142855,0.9285714285714286,1.4285714285714286,0.7142857142857143,0.42857142857142855,0.5,0.006344271238967872,0.008859174068714391,0.01291815324058528,0.005169777069086025,0.0038188466605035116,0.0035811116478269393
2021-09-16,0.5,0.9285714285714286,1.9285714285714286,0.7142857142857143,0.35714285714285715,0.42857142857142855,0.0070181256864072245,0.008859174068714391,0.01701776056318912,0.005169777069086025,0.003125365384497964,0.0029907928756899853
2021-09-17,0.5,1.0,1.8571428571428572,0.7857142857142857,0.2857142857142857,0.42857142857142855,0.0070181256864072245,0.010297666132206456,0.01603103243315191,0.005566602465911422,0.0027350453220467545,0.0029907928756899853
2021-09-18,0.5,1.0,1.9285714285714286,0.7857142857142857,0.2857142857142857,0.42857142857142855,0.0070181256864072245,0.010297666132206456,0.01680742994867986,0.005566602465911422,0.0027350453220467545,0.0029907928756899853
2021-09-19,0.5,1.0,2.7142857142857144,1.0,0.21428571428571427,0.42857142857142855,0.0070181256864072245,0.010297666132206456,0.020584902476152387,0.00644843668107897,0.0019140272596493816,0.0029907928756899853
